id,fixture_id,date,league,home_team,away_team,method,market,selection,prob,odd,value,created_at,confidence,sample_size
12133,1391439,2025-08-29T12:30:00+00:00,333,SK Poltava,Zorya Luhansk,ELO,1X2,H,0.48004874985216384,,,2025-08-29 08:23:13,0.25,
12134,1391439,2025-08-29T12:30:00+00:00,333,SK Poltava,Zorya Luhansk,ELO,1X2,D,0.25,,,2025-08-29 08:23:13,0.25,
12135,1391439,2025-08-29T12:30:00+00:00,333,SK Poltava,Zorya Luhansk,ELO,1X2,A,0.26995125014783616,,,2025-08-29 08:23:13,0.25,
12136,1391439,2025-08-29T12:30:00+00:00,333,SK Poltava,Zorya Luhansk,COMBINED,1X2,H,0.48004874985216384,,,2025-08-29 08:23:13,0.25,0.0
12137,1391439,2025-08-29T12:30:00+00:00,333,SK Poltava,Zorya Luhansk,COMBINED,1X2,D,0.25,,,2025-08-29 08:23:13,0.25,0.0
12138,1391439,2025-08-29T12:30:00+00:00,333,SK Poltava,Zorya Luhansk,COMBINED,1X2,A,0.26995125014783616,,,2025-08-29 08:23:13,0.25,0.0
12139,1350457,2025-08-29T14:30:00+00:00,365,Metta / LU,FK Liepaja,ELO,1X2,H,0.48004874985216384,,,2025-08-29 08:23:13,0.25,
12140,1350457,2025-08-29T14:30:00+00:00,365,Metta / LU,FK Liepaja,ELO,1X2,D,0.25,,,2025-08-29 08:23:13,0.25,
12141,1350457,2025-08-29T14:30:00+00:00,365,Metta / LU,FK Liepaja,ELO,1X2,A,0.26995125014783616,,,2025-08-29 08:23:13,0.25,
12142,1350457,2025-08-29T14:30:00+00:00,365,Metta / LU,FK Liepaja,COMBINED,1X2,H,0.48004874985216384,,,2025-08-29 08:23:13,0.25,0.0
12143,1350457,2025-08-29T14:30:00+00:00,365,Metta / LU,FK Liepaja,COMBINED,1X2,D,0.25,,,2025-08-29 08:23:13,0.25,0.0
12144,1350457,2025-08-29T14:30:00+00:00,365,Metta / LU,FK Liepaja,COMBINED,1X2,A,0.26995125014783616,,,2025-08-29 08:23:13,0.25,0.0
12145,1350458,2025-08-29T14:30:00+00:00,365,Grobiņa,FS Jelgava,ELO,1X2,H,0.48004874985216384,,,2025-08-29 08:23:13,0.25,
12146,1350458,2025-08-29T14:30:00+00:00,365,Grobiņa,FS Jelgava,ELO,1X2,D,0.25,,,2025-08-29 08:23:13,0.25,
12147,1350458,2025-08-29T14:30:00+00:00,365,Grobiņa,FS Jelgava,ELO,1X2,A,0.26995125014783616,,,2025-08-29 08:23:13,0.25,
12148,1350458,2025-08-29T14:30:00+00:00,365,Grobiņa,FS Jelgava,COMBINED,1X2,H,0.48004874985216384,,,2025-08-29 08:23:13,0.25,0.0
12149,1350458,2025-08-29T14:30:00+00:00,365,Grobiņa,FS Jelgava,COMBINED,1X2,D,0.25,,,2025-08-29 08:23:13,0.25,0.0
12150,1350458,2025-08-29T14:30:00+00:00,365,Grobiņa,FS Jelgava,COMBINED,1X2,A,0.26995125014783616,,,2025-08-29 08:23:13,0.25,0.0
12151,1388056,2025-08-29T14:30:00+00:00,172,Montana,Dobrudzha,ELO,1X2,H,0.48004874985216384,,,2025-08-29 08:23:13,0.25,
12152,1388056,2025-08-29T14:30:00+00:00,172,Montana,Dobrudzha,ELO,1X2,D,0.25,,,2025-08-29 08:23:13,0.25,
12153,1388056,2025-08-29T14:30:00+00:00,172,Montana,Dobrudzha,ELO,1X2,A,0.26995125014783616,,,2025-08-29 08:23:13,0.25,
12154,1388056,2025-08-29T14:30:00+00:00,172,Montana,Dobrudzha,COMBINED,1X2,H,0.48004874985216384,,,2025-08-29 08:23:13,0.25,0.0
12155,1388056,2025-08-29T14:30:00+00:00,172,Montana,Dobrudzha,COMBINED,1X2,D,0.25,,,2025-08-29 08:23:13,0.25,0.0
12156,1388056,2025-08-29T14:30:00+00:00,172,Montana,Dobrudzha,COMBINED,1X2,A,0.26995125014783616,,,2025-08-29 08:23:13,0.25,0.0
12157,1391443,2025-08-29T15:00:00+00:00,333,Kudrivka,Karpaty,ELO,1X2,H,0.48004874985216384,,,2025-08-29 08:23:13,0.25,
12158,1391443,2025-08-29T15:00:00+00:00,333,Kudrivka,Karpaty,ELO,1X2,D,0.25,,,2025-08-29 08:23:13,0.25,
12159,1391443,2025-08-29T15:00:00+00:00,333,Kudrivka,Karpaty,ELO,1X2,A,0.26995125014783616,,,2025-08-29 08:23:13,0.25,
12160,1391443,2025-08-29T15:00:00+00:00,333,Kudrivka,Karpaty,COMBINED,1X2,H,0.48004874985216384,,,2025-08-29 08:23:13,0.25,0.0
12161,1391443,2025-08-29T15:00:00+00:00,333,Kudrivka,Karpaty,COMBINED,1X2,D,0.25,,,2025-08-29 08:23:13,0.25,0.0
12162,1391443,2025-08-29T15:00:00+00:00,333,Kudrivka,Karpaty,COMBINED,1X2,A,0.26995125014783616,,,2025-08-29 08:23:13,0.25,0.0
12163,1384261,2025-08-29T15:30:00+00:00,373,Aluminij,Koper,ELO,1X2,H,0.48004874985216384,,,2025-08-29 08:23:13,0.25,
12164,1384261,2025-08-29T15:30:00+00:00,373,Aluminij,Koper,ELO,1X2,D,0.25,,,2025-08-29 08:23:13,0.25,
12165,1384261,2025-08-29T15:30:00+00:00,373,Aluminij,Koper,ELO,1X2,A,0.26995125014783616,,,2025-08-29 08:23:13,0.25,
12166,1384261,2025-08-29T15:30:00+00:00,373,Aluminij,Koper,COMBINED,1X2,H,0.48004874985216384,,,2025-08-29 08:23:13,0.25,0.0
12167,1384261,2025-08-29T15:30:00+00:00,373,Aluminij,Koper,COMBINED,1X2,D,0.25,,,2025-08-29 08:23:13,0.25,0.0
12168,1384261,2025-08-29T15:30:00+00:00,373,Aluminij,Koper,COMBINED,1X2,A,0.26995125014783616,,,2025-08-29 08:23:13,0.25,0.0
12169,1341250,2025-08-29T16:00:00+00:00,327,Dinamo Tbilisi,Gareji,ELO,1X2,H,0.48004874985216384,,,2025-08-29 08:23:13,0.25,
12170,1341250,2025-08-29T16:00:00+00:00,327,Dinamo Tbilisi,Gareji,ELO,1X2,D,0.25,,,2025-08-29 08:23:13,0.25,
12171,1341250,2025-08-29T16:00:00+00:00,327,Dinamo Tbilisi,Gareji,ELO,1X2,A,0.26995125014783616,,,2025-08-29 08:23:13,0.25,
12172,1341250,2025-08-29T16:00:00+00:00,327,Dinamo Tbilisi,Gareji,COMBINED,1X2,H,0.48004874985216384,,,2025-08-29 08:23:13,0.25,0.0
12173,1341250,2025-08-29T16:00:00+00:00,327,Dinamo Tbilisi,Gareji,COMBINED,1X2,D,0.25,,,2025-08-29 08:23:13,0.25,0.0
12174,1341250,2025-08-29T16:00:00+00:00,327,Dinamo Tbilisi,Gareji,COMBINED,1X2,A,0.26995125014783616,,,2025-08-29 08:23:13,0.25,0.0
12175,1341251,2025-08-29T16:00:00+00:00,327,Samgurali,Saburtalo,ELO,1X2,H,0.48004874985216384,,,2025-08-29 08:23:13,0.25,
12176,1341251,2025-08-29T16:00:00+00:00,327,Samgurali,Saburtalo,ELO,1X2,D,0.25,,,2025-08-29 08:23:13,0.25,
12177,1341251,2025-08-29T16:00:00+00:00,327,Samgurali,Saburtalo,ELO,1X2,A,0.26995125014783616,,,2025-08-29 08:23:13,0.25,
12178,1341251,2025-08-29T16:00:00+00:00,327,Samgurali,Saburtalo,COMBINED,1X2,H,0.48004874985216384,,,2025-08-29 08:23:13,0.25,0.0
12179,1341251,2025-08-29T16:00:00+00:00,327,Samgurali,Saburtalo,COMBINED,1X2,D,0.25,,,2025-08-29 08:23:13,0.25,0.0
12180,1341251,2025-08-29T16:00:00+00:00,327,Samgurali,Saburtalo,COMBINED,1X2,A,0.26995125014783616,,,2025-08-29 08:23:13,0.25,0.0
12181,1380438,2025-08-29T16:00:00+00:00,106,Arka Gdynia,Wisla Plock,ELO,1X2,H,0.48004874985216384,,,2025-08-29 08:23:13,0.25,
12182,1380438,2025-08-29T16:00:00+00:00,106,Arka Gdynia,Wisla Plock,ELO,1X2,D,0.25,,,2025-08-29 08:23:13,0.25,
12183,1380438,2025-08-29T16:00:00+00:00,106,Arka Gdynia,Wisla Plock,ELO,1X2,A,0.26995125014783616,,,2025-08-29 08:23:13,0.25,
12184,1380438,2025-08-29T16:00:00+00:00,106,Arka Gdynia,Wisla Plock,COMBINED,1X2,H,0.48004874985216384,,,2025-08-29 08:23:13,0.25,0.0
12185,1380438,2025-08-29T16:00:00+00:00,106,Arka Gdynia,Wisla Plock,COMBINED,1X2,D,0.25,,,2025-08-29 08:23:13,0.25,0.0
12186,1380438,2025-08-29T16:00:00+00:00,106,Arka Gdynia,Wisla Plock,COMBINED,1X2,A,0.26995125014783616,,,2025-08-29 08:23:13,0.25,0.0
12187,1348812,2025-08-29T16:30:00+00:00,329,FC Levadia Tallinn,Trans Narva,ELO,1X2,H,0.48004874985216384,,,2025-08-29 08:23:13,0.25,
12188,1348812,2025-08-29T16:30:00+00:00,329,FC Levadia Tallinn,Trans Narva,ELO,1X2,D,0.25,,,2025-08-29 08:23:13,0.25,
12189,1348812,2025-08-29T16:30:00+00:00,329,FC Levadia Tallinn,Trans Narva,ELO,1X2,A,0.26995125014783616,,,2025-08-29 08:23:13,0.25,
12190,1348812,2025-08-29T16:30:00+00:00,329,FC Levadia Tallinn,Trans Narva,COMBINED,1X2,H,0.48004874985216384,,,2025-08-29 08:23:13,0.25,0.0
12191,1348812,2025-08-29T16:30:00+00:00,329,FC Levadia Tallinn,Trans Narva,COMBINED,1X2,D,0.25,,,2025-08-29 08:23:13,0.25,0.0
12192,1348812,2025-08-29T16:30:00+00:00,329,FC Levadia Tallinn,Trans Narva,COMBINED,1X2,A,0.26995125014783616,,,2025-08-29 08:23:13,0.25,0.0
12193,1377875,2025-08-29T16:30:00+00:00,135,Cremonese,Sassuolo,ELO,1X2,H,0.48004874985216384,,,2025-08-29 08:23:13,0.25,
12194,1377875,2025-08-29T16:30:00+00:00,135,Cremonese,Sassuolo,ELO,1X2,D,0.25,,,2025-08-29 08:23:13,0.25,
12195,1377875,2025-08-29T16:30:00+00:00,135,Cremonese,Sassuolo,ELO,1X2,A,0.26995125014783616,,,2025-08-29 08:23:13,0.25,
12196,1377875,2025-08-29T16:30:00+00:00,135,Cremonese,Sassuolo,COMBINED,1X2,H,0.48004874985216384,,,2025-08-29 08:23:13,0.25,0.0
12197,1377875,2025-08-29T16:30:00+00:00,135,Cremonese,Sassuolo,COMBINED,1X2,D,0.25,,,2025-08-29 08:23:13,0.25,0.0
12198,1377875,2025-08-29T16:30:00+00:00,135,Cremonese,Sassuolo,COMBINED,1X2,A,0.26995125014783616,,,2025-08-29 08:23:13,0.25,0.0
12199,1388644,2025-08-29T16:30:00+00:00,79,Hertha BSC,SV Elversberg,ELO,1X2,H,0.48004874985216384,,,2025-08-29 08:23:13,0.25,
12200,1388644,2025-08-29T16:30:00+00:00,79,Hertha BSC,SV Elversberg,ELO,1X2,D,0.25,,,2025-08-29 08:23:13,0.25,
12201,1388644,2025-08-29T16:30:00+00:00,79,Hertha BSC,SV Elversberg,ELO,1X2,A,0.26995125014783616,,,2025-08-29 08:23:13,0.25,
12202,1388644,2025-08-29T16:30:00+00:00,79,Hertha BSC,SV Elversberg,COMBINED,1X2,H,0.48004874985216384,,,2025-08-29 08:23:13,0.25,0.0
12203,1388644,2025-08-29T16:30:00+00:00,79,Hertha BSC,SV Elversberg,COMBINED,1X2,D,0.25,,,2025-08-29 08:23:13,0.25,0.0
12204,1388644,2025-08-29T16:30:00+00:00,79,Hertha BSC,SV Elversberg,COMBINED,1X2,A,0.26995125014783616,,,2025-08-29 08:23:13,0.25,0.0
12205,1388647,2025-08-29T16:30:00+00:00,79,1. FC Nürnberg,SC Paderborn 07,ELO,1X2,H,0.48004874985216384,,,2025-08-29 08:23:13,0.25,
12206,1388647,2025-08-29T16:30:00+00:00,79,1. FC Nürnberg,SC Paderborn 07,ELO,1X2,D,0.25,,,2025-08-29 08:23:13,0.25,
12207,1388647,2025-08-29T16:30:00+00:00,79,1. FC Nürnberg,SC Paderborn 07,ELO,1X2,A,0.26995125014783616,,,2025-08-29 08:23:13,0.25,
12208,1388647,2025-08-29T16:30:00+00:00,79,1. FC Nürnberg,SC Paderborn 07,COMBINED,1X2,H,0.48004874985216384,,,2025-08-29 08:23:13,0.25,0.0
12209,1388647,2025-08-29T16:30:00+00:00,79,1. FC Nürnberg,SC Paderborn 07,COMBINED,1X2,D,0.25,,,2025-08-29 08:23:13,0.25,0.0
12210,1388647,2025-08-29T16:30:00+00:00,79,1. FC Nürnberg,SC Paderborn 07,COMBINED,1X2,A,0.26995125014783616,,,2025-08-29 08:23:13,0.25,0.0
12211,1388053,2025-08-29T16:45:00+00:00,172,Botev Vratsa,Cherno More Varna,ELO,1X2,H,0.48004874985216384,,,2025-08-29 08:23:13,0.25,
12212,1388053,2025-08-29T16:45:00+00:00,172,Botev Vratsa,Cherno More Varna,ELO,1X2,D,0.25,,,2025-08-29 08:23:13,0.25,
12213,1388053,2025-08-29T16:45:00+00:00,172,Botev Vratsa,Cherno More Varna,ELO,1X2,A,0.26995125014783616,,,2025-08-29 08:23:13,0.25,
12214,1388053,2025-08-29T16:45:00+00:00,172,Botev Vratsa,Cherno More Varna,COMBINED,1X2,H,0.48004874985216384,,,2025-08-29 08:23:13,0.25,0.0
12215,1388053,2025-08-29T16:45:00+00:00,172,Botev Vratsa,Cherno More Varna,COMBINED,1X2,D,0.25,,,2025-08-29 08:23:13,0.25,0.0
12216,1388053,2025-08-29T16:45:00+00:00,172,Botev Vratsa,Cherno More Varna,COMBINED,1X2,A,0.26995125014783616,,,2025-08-29 08:23:13,0.25,0.0
12217,1341249,2025-08-29T17:00:00+00:00,327,Dinamo Batumi,Torpedo Kutaisi,ELO,1X2,H,0.48004874985216384,,,2025-08-29 08:23:13,0.25,
12218,1341249,2025-08-29T17:00:00+00:00,327,Dinamo Batumi,Torpedo Kutaisi,ELO,1X2,D,0.25,,,2025-08-29 08:23:13,0.25,
12219,1341249,2025-08-29T17:00:00+00:00,327,Dinamo Batumi,Torpedo Kutaisi,ELO,1X2,A,0.26995125014783616,,,2025-08-29 08:23:13,0.25,
12220,1341249,2025-08-29T17:00:00+00:00,327,Dinamo Batumi,Torpedo Kutaisi,COMBINED,1X2,H,0.48004874985216384,,,2025-08-29 08:23:13,0.25,0.0
12221,1341249,2025-08-29T17:00:00+00:00,327,Dinamo Batumi,Torpedo Kutaisi,COMBINED,1X2,D,0.25,,,2025-08-29 08:23:13,0.25,0.0
12222,1341249,2025-08-29T17:00:00+00:00,327,Dinamo Batumi,Torpedo Kutaisi,COMBINED,1X2,A,0.26995125014783616,,,2025-08-29 08:23:13,0.25,0.0
12223,1379385,2025-08-29T17:00:00+00:00,119,Vejle,Viborg,ELO,1X2,H,0.48004874985216384,,,2025-08-29 08:23:13,0.25,
12224,1379385,2025-08-29T17:00:00+00:00,119,Vejle,Viborg,ELO,1X2,D,0.25,,,2025-08-29 08:23:13,0.25,
12225,1379385,2025-08-29T17:00:00+00:00,119,Vejle,Viborg,ELO,1X2,A,0.26995125014783616,,,2025-08-29 08:23:13,0.25,
12226,1379385,2025-08-29T17:00:00+00:00,119,Vejle,Viborg,COMBINED,1X2,H,0.48004874985216384,,,2025-08-29 08:23:13,0.25,0.0
12227,1379385,2025-08-29T17:00:00+00:00,119,Vejle,Viborg,COMBINED,1X2,D,0.25,,,2025-08-29 08:23:13,0.25,0.0
12228,1379385,2025-08-29T17:00:00+00:00,119,Vejle,Viborg,COMBINED,1X2,A,0.26995125014783616,,,2025-08-29 08:23:13,0.25,0.0
12229,1422691,2025-08-29T19:00:00+00:00,186,MB Rouisset,El Bayadh,ELO,1X2,H,0.48004874985216384,,,2025-08-29 08:23:13,0.25,
12230,1422691,2025-08-29T19:00:00+00:00,186,MB Rouisset,El Bayadh,ELO,1X2,D,0.25,,,2025-08-29 08:23:13,0.25,
12231,1422691,2025-08-29T19:00:00+00:00,186,MB Rouisset,El Bayadh,ELO,1X2,A,0.26995125014783616,,,2025-08-29 08:23:13,0.25,
12232,1422691,2025-08-29T19:00:00+00:00,186,MB Rouisset,El Bayadh,COMBINED,1X2,H,0.48004874985216384,,,2025-08-29 08:23:13,0.25,0.0
12233,1422691,2025-08-29T19:00:00+00:00,186,MB Rouisset,El Bayadh,COMBINED,1X2,D,0.25,,,2025-08-29 08:23:13,0.25,0.0
12234,1422691,2025-08-29T19:00:00+00:00,186,MB Rouisset,El Bayadh,COMBINED,1X2,A,0.26995125014783616,,,2025-08-29 08:23:13,0.25,0.0
12235,1422692,2025-08-29T18:00:00+00:00,186,ES Setif,JS Saoura,ELO,1X2,H,0.48004874985216384,,,2025-08-29 08:23:13,0.25,
12236,1422692,2025-08-29T18:00:00+00:00,186,ES Setif,JS Saoura,ELO,1X2,D,0.25,,,2025-08-29 08:23:13,0.25,
12237,1422692,2025-08-29T18:00:00+00:00,186,ES Setif,JS Saoura,ELO,1X2,A,0.26995125014783616,,,2025-08-29 08:23:13,0.25,
12238,1422692,2025-08-29T18:00:00+00:00,186,ES Setif,JS Saoura,COMBINED,1X2,H,0.48004874985216384,,,2025-08-29 08:23:13,0.25,0.0
12239,1422692,2025-08-29T18:00:00+00:00,186,ES Setif,JS Saoura,COMBINED,1X2,D,0.25,,,2025-08-29 08:23:13,0.25,0.0
12240,1422692,2025-08-29T18:00:00+00:00,186,ES Setif,JS Saoura,COMBINED,1X2,A,0.26995125014783616,,,2025-08-29 08:23:13,0.25,0.0
12241,1422697,2025-08-29T16:00:00+00:00,186,Oued Akbou,MC Oran,ELO,1X2,H,0.48004874985216384,,,2025-08-29 08:23:13,0.25,
12242,1422697,2025-08-29T16:00:00+00:00,186,Oued Akbou,MC Oran,ELO,1X2,D,0.25,,,2025-08-29 08:23:13,0.25,
12243,1422697,2025-08-29T16:00:00+00:00,186,Oued Akbou,MC Oran,ELO,1X2,A,0.26995125014783616,,,2025-08-29 08:23:13,0.25,
12244,1422697,2025-08-29T16:00:00+00:00,186,Oued Akbou,MC Oran,COMBINED,1X2,H,0.48004874985216384,,,2025-08-29 08:23:13,0.25,0.0
12245,1422697,2025-08-29T16:00:00+00:00,186,Oued Akbou,MC Oran,COMBINED,1X2,D,0.25,,,2025-08-29 08:23:13,0.25,0.0
12246,1422697,2025-08-29T16:00:00+00:00,186,Oued Akbou,MC Oran,COMBINED,1X2,A,0.26995125014783616,,,2025-08-29 08:23:13,0.25,0.0
12247,1385812,2025-08-29T17:30:00+00:00,283,Rapid,Uta Arad,ELO,1X2,H,0.48004874985216384,,,2025-08-29 08:23:13,0.25,
12248,1385812,2025-08-29T17:30:00+00:00,283,Rapid,Uta Arad,ELO,1X2,D,0.25,,,2025-08-29 08:23:13,0.25,
12249,1385812,2025-08-29T17:30:00+00:00,283,Rapid,Uta Arad,ELO,1X2,A,0.26995125014783616,,,2025-08-29 08:23:13,0.25,
12250,1385812,2025-08-29T17:30:00+00:00,283,Rapid,Uta Arad,COMBINED,1X2,H,0.48004874985216384,,,2025-08-29 08:23:13,0.25,0.0
12251,1385812,2025-08-29T17:30:00+00:00,283,Rapid,Uta Arad,COMBINED,1X2,D,0.25,,,2025-08-29 08:23:13,0.25,0.0
12252,1385812,2025-08-29T17:30:00+00:00,283,Rapid,Uta Arad,COMBINED,1X2,A,0.26995125014783616,,,2025-08-29 08:23:13,0.25,0.0
12253,1390842,2025-08-29T17:30:00+00:00,140,Elche,Levante,ELO,1X2,H,0.48004874985216384,,,2025-08-29 08:23:13,0.25,
12254,1390842,2025-08-29T17:30:00+00:00,140,Elche,Levante,ELO,1X2,D,0.25,,,2025-08-29 08:23:13,0.25,
12255,1390842,2025-08-29T17:30:00+00:00,140,Elche,Levante,ELO,1X2,A,0.26995125014783616,,,2025-08-29 08:23:13,0.25,
12256,1390842,2025-08-29T17:30:00+00:00,140,Elche,Levante,COMBINED,1X2,H,0.48004874985216384,,,2025-08-29 08:23:13,0.25,0.0
12257,1390842,2025-08-29T17:30:00+00:00,140,Elche,Levante,COMBINED,1X2,D,0.25,,,2025-08-29 08:23:13,0.25,0.0
12258,1390842,2025-08-29T17:30:00+00:00,140,Elche,Levante,COMBINED,1X2,A,0.26995125014783616,,,2025-08-29 08:23:13,0.25,0.0
12259,1391274,2025-08-29T17:30:00+00:00,141,Real Sociedad II,Almeria,ELO,1X2,H,0.48004874985216384,,,2025-08-29 08:23:13,0.25,
12260,1391274,2025-08-29T17:30:00+00:00,141,Real Sociedad II,Almeria,ELO,1X2,D,0.25,,,2025-08-29 08:23:13,0.25,
12261,1391274,2025-08-29T17:30:00+00:00,141,Real Sociedad II,Almeria,ELO,1X2,A,0.26995125014783616,,,2025-08-29 08:23:13,0.25,
12262,1391274,2025-08-29T17:30:00+00:00,141,Real Sociedad II,Almeria,COMBINED,1X2,H,0.48004874985216384,,,2025-08-29 08:23:13,0.25,0.0
12263,1391274,2025-08-29T17:30:00+00:00,141,Real Sociedad II,Almeria,COMBINED,1X2,D,0.25,,,2025-08-29 08:23:13,0.25,0.0
12264,1391274,2025-08-29T17:30:00+00:00,141,Real Sociedad II,Almeria,COMBINED,1X2,A,0.26995125014783616,,,2025-08-29 08:23:13,0.25,0.0
12265,1380207,2025-08-29T18:00:00+00:00,271,Paks,Kazincbarcikai,ELO,1X2,H,0.48004874985216384,,,2025-08-29 08:23:13,0.25,
12266,1380207,2025-08-29T18:00:00+00:00,271,Paks,Kazincbarcikai,ELO,1X2,D,0.25,,,2025-08-29 08:23:13,0.25,
12267,1380207,2025-08-29T18:00:00+00:00,271,Paks,Kazincbarcikai,ELO,1X2,A,0.26995125014783616,,,2025-08-29 08:23:13,0.25,
12268,1380207,2025-08-29T18:00:00+00:00,271,Paks,Kazincbarcikai,COMBINED,1X2,H,0.48004874985216384,,,2025-08-29 08:23:13,0.25,0.0
12269,1380207,2025-08-29T18:00:00+00:00,271,Paks,Kazincbarcikai,COMBINED,1X2,D,0.25,,,2025-08-29 08:23:13,0.25,0.0
12270,1380207,2025-08-29T18:00:00+00:00,271,Paks,Kazincbarcikai,COMBINED,1X2,A,0.26995125014783616,,,2025-08-29 08:23:13,0.25,0.0
12271,1380893,2025-08-29T18:00:00+00:00,88,Groningen,Heracles,ELO,1X2,H,0.48004874985216384,,,2025-08-29 08:23:13,0.25,
12272,1380893,2025-08-29T18:00:00+00:00,88,Groningen,Heracles,ELO,1X2,D,0.25,,,2025-08-29 08:23:13,0.25,
12273,1380893,2025-08-29T18:00:00+00:00,88,Groningen,Heracles,ELO,1X2,A,0.26995125014783616,,,2025-08-29 08:23:13,0.25,
12274,1380893,2025-08-29T18:00:00+00:00,88,Groningen,Heracles,COMBINED,1X2,H,0.48004874985216384,,,2025-08-29 08:23:13,0.25,0.0
12275,1380893,2025-08-29T18:00:00+00:00,88,Groningen,Heracles,COMBINED,1X2,D,0.25,,,2025-08-29 08:23:13,0.25,0.0
12276,1380893,2025-08-29T18:00:00+00:00,88,Groningen,Heracles,COMBINED,1X2,A,0.26995125014783616,,,2025-08-29 08:23:13,0.25,0.0
12277,1383940,2025-08-29T18:00:00+00:00,210,Istra 1961,HNK Gorica,ELO,1X2,H,0.48004874985216384,,,2025-08-29 08:23:13,0.25,
12278,1383940,2025-08-29T18:00:00+00:00,210,Istra 1961,HNK Gorica,ELO,1X2,D,0.25,,,2025-08-29 08:23:13,0.25,
12279,1383940,2025-08-29T18:00:00+00:00,210,Istra 1961,HNK Gorica,ELO,1X2,A,0.26995125014783616,,,2025-08-29 08:23:13,0.25,
12280,1383940,2025-08-29T18:00:00+00:00,210,Istra 1961,HNK Gorica,COMBINED,1X2,H,0.48004874985216384,,,2025-08-29 08:23:13,0.25,0.0
12281,1383940,2025-08-29T18:00:00+00:00,210,Istra 1961,HNK Gorica,COMBINED,1X2,D,0.25,,,2025-08-29 08:23:13,0.25,0.0
12282,1383940,2025-08-29T18:00:00+00:00,210,Istra 1961,HNK Gorica,COMBINED,1X2,A,0.26995125014783616,,,2025-08-29 08:23:13,0.25,0.0
12283,1389150,2025-08-29T18:00:00+00:00,62,Laval,Clermont Foot,ELO,1X2,H,0.48004874985216384,,,2025-08-29 08:23:13,0.25,
12284,1389150,2025-08-29T18:00:00+00:00,62,Laval,Clermont Foot,ELO,1X2,D,0.25,,,2025-08-29 08:23:13,0.25,
12285,1389150,2025-08-29T18:00:00+00:00,62,Laval,Clermont Foot,ELO,1X2,A,0.26995125014783616,,,2025-08-29 08:23:13,0.25,
12286,1389150,2025-08-29T18:00:00+00:00,62,Laval,Clermont Foot,COMBINED,1X2,H,0.48004874985216384,,,2025-08-29 08:23:13,0.25,0.0
12287,1389150,2025-08-29T18:00:00+00:00,62,Laval,Clermont Foot,COMBINED,1X2,D,0.25,,,2025-08-29 08:23:13,0.25,0.0
12288,1389150,2025-08-29T18:00:00+00:00,62,Laval,Clermont Foot,COMBINED,1X2,A,0.26995125014783616,,,2025-08-29 08:23:13,0.25,0.0
12289,1389152,2025-08-29T18:00:00+00:00,62,Dunkerque,Estac Troyes,ELO,1X2,H,0.48004874985216384,,,2025-08-29 08:23:13,0.25,
12290,1389152,2025-08-29T18:00:00+00:00,62,Dunkerque,Estac Troyes,ELO,1X2,D,0.25,,,2025-08-29 08:23:13,0.25,
12291,1389152,2025-08-29T18:00:00+00:00,62,Dunkerque,Estac Troyes,ELO,1X2,A,0.26995125014783616,,,2025-08-29 08:23:13,0.25,
12292,1389152,2025-08-29T18:00:00+00:00,62,Dunkerque,Estac Troyes,COMBINED,1X2,H,0.48004874985216384,,,2025-08-29 08:23:13,0.25,0.0
12293,1389152,2025-08-29T18:00:00+00:00,62,Dunkerque,Estac Troyes,COMBINED,1X2,D,0.25,,,2025-08-29 08:23:13,0.25,0.0
12294,1389152,2025-08-29T18:00:00+00:00,62,Dunkerque,Estac Troyes,COMBINED,1X2,A,0.26995125014783616,,,2025-08-29 08:23:13,0.25,0.0
12295,1389153,2025-08-29T18:00:00+00:00,62,Nancy,PAU,ELO,1X2,H,0.48004874985216384,,,2025-08-29 08:23:13,0.25,
12296,1389153,2025-08-29T18:00:00+00:00,62,Nancy,PAU,ELO,1X2,D,0.25,,,2025-08-29 08:23:13,0.25,
12297,1389153,2025-08-29T18:00:00+00:00,62,Nancy,PAU,ELO,1X2,A,0.26995125014783616,,,2025-08-29 08:23:13,0.25,
12298,1389153,2025-08-29T18:00:00+00:00,62,Nancy,PAU,COMBINED,1X2,H,0.48004874985216384,,,2025-08-29 08:23:13,0.25,0.0
12299,1389153,2025-08-29T18:00:00+00:00,62,Nancy,PAU,COMBINED,1X2,D,0.25,,,2025-08-29 08:23:13,0.25,0.0
12300,1389153,2025-08-29T18:00:00+00:00,62,Nancy,PAU,COMBINED,1X2,A,0.26995125014783616,,,2025-08-29 08:23:13,0.25,0.0
12301,1389154,2025-08-29T18:00:00+00:00,62,RED Star FC 93,Annecy,ELO,1X2,H,0.48004874985216384,,,2025-08-29 08:23:13,0.25,
12302,1389154,2025-08-29T18:00:00+00:00,62,RED Star FC 93,Annecy,ELO,1X2,D,0.25,,,2025-08-29 08:23:13,0.25,
12303,1389154,2025-08-29T18:00:00+00:00,62,RED Star FC 93,Annecy,ELO,1X2,A,0.26995125014783616,,,2025-08-29 08:23:13,0.25,
12304,1389154,2025-08-29T18:00:00+00:00,62,RED Star FC 93,Annecy,COMBINED,1X2,H,0.48004874985216384,,,2025-08-29 08:23:13,0.25,0.0
12305,1389154,2025-08-29T18:00:00+00:00,62,RED Star FC 93,Annecy,COMBINED,1X2,D,0.25,,,2025-08-29 08:23:13,0.25,0.0
12306,1389154,2025-08-29T18:00:00+00:00,62,RED Star FC 93,Annecy,COMBINED,1X2,A,0.26995125014783616,,,2025-08-29 08:23:13,0.25,0.0
12307,1389155,2025-08-29T18:00:00+00:00,62,Rodez,Boulogne,ELO,1X2,H,0.48004874985216384,,,2025-08-29 08:23:13,0.25,
12308,1389155,2025-08-29T18:00:00+00:00,62,Rodez,Boulogne,ELO,1X2,D,0.25,,,2025-08-29 08:23:13,0.25,
12309,1389155,2025-08-29T18:00:00+00:00,62,Rodez,Boulogne,ELO,1X2,A,0.26995125014783616,,,2025-08-29 08:23:13,0.25,
12310,1389155,2025-08-29T18:00:00+00:00,62,Rodez,Boulogne,COMBINED,1X2,H,0.48004874985216384,,,2025-08-29 08:23:13,0.25,0.0
12311,1389155,2025-08-29T18:00:00+00:00,62,Rodez,Boulogne,COMBINED,1X2,D,0.25,,,2025-08-29 08:23:13,0.25,0.0
12312,1389155,2025-08-29T18:00:00+00:00,62,Rodez,Boulogne,COMBINED,1X2,A,0.26995125014783616,,,2025-08-29 08:23:13,0.25,0.0
12313,1396828,2025-08-29T18:00:00+00:00,62,Montpellier,Amiens,ELO,1X2,H,0.48004874985216384,,,2025-08-29 08:23:13,0.25,
12314,1396828,2025-08-29T18:00:00+00:00,62,Montpellier,Amiens,ELO,1X2,D,0.25,,,2025-08-29 08:23:13,0.25,
12315,1396828,2025-08-29T18:00:00+00:00,62,Montpellier,Amiens,ELO,1X2,A,0.26995125014783616,,,2025-08-29 08:23:13,0.25,
12316,1396828,2025-08-29T18:00:00+00:00,62,Montpellier,Amiens,COMBINED,1X2,H,0.48004874985216384,,,2025-08-29 08:23:13,0.25,0.0
12317,1396828,2025-08-29T18:00:00+00:00,62,Montpellier,Amiens,COMBINED,1X2,D,0.25,,,2025-08-29 08:23:13,0.25,0.0
12318,1396828,2025-08-29T18:00:00+00:00,62,Montpellier,Amiens,COMBINED,1X2,A,0.26995125014783616,,,2025-08-29 08:23:13,0.25,0.0
12319,1380440,2025-08-29T18:30:00+00:00,106,GKS Katowice,Radomiak Radom,ELO,1X2,H,0.48004874985216384,,,2025-08-29 08:23:13,0.25,
12320,1380440,2025-08-29T18:30:00+00:00,106,GKS Katowice,Radomiak Radom,ELO,1X2,D,0.25,,,2025-08-29 08:23:13,0.25,
12321,1380440,2025-08-29T18:30:00+00:00,106,GKS Katowice,Radomiak Radom,ELO,1X2,A,0.26995125014783616,,,2025-08-29 08:23:13,0.25,
12322,1380440,2025-08-29T18:30:00+00:00,106,GKS Katowice,Radomiak Radom,COMBINED,1X2,H,0.48004874985216384,,,2025-08-29 08:23:13,0.25,0.0
12323,1380440,2025-08-29T18:30:00+00:00,106,GKS Katowice,Radomiak Radom,COMBINED,1X2,D,0.25,,,2025-08-29 08:23:13,0.25,0.0
12324,1380440,2025-08-29T18:30:00+00:00,106,GKS Katowice,Radomiak Radom,COMBINED,1X2,A,0.26995125014783616,,,2025-08-29 08:23:13,0.25,0.0
12325,1388320,2025-08-29T18:30:00+00:00,78,Hamburger SV,FC St. Pauli,ELO,1X2,H,0.48004874985216384,,,2025-08-29 08:23:13,0.25,
12326,1388320,2025-08-29T18:30:00+00:00,78,Hamburger SV,FC St. Pauli,ELO,1X2,D,0.25,,,2025-08-29 08:23:13,0.25,
12327,1388320,2025-08-29T18:30:00+00:00,78,Hamburger SV,FC St. Pauli,ELO,1X2,A,0.26995125014783616,,,2025-08-29 08:23:13,0.25,
12328,1388320,2025-08-29T18:30:00+00:00,78,Hamburger SV,FC St. Pauli,COMBINED,1X2,H,0.48004874985216384,,,2025-08-29 08:23:13,0.25,0.0
12329,1388320,2025-08-29T18:30:00+00:00,78,Hamburger SV,FC St. Pauli,COMBINED,1X2,D,0.25,,,2025-08-29 08:23:13,0.25,0.0
12330,1388320,2025-08-29T18:30:00+00:00,78,Hamburger SV,FC St. Pauli,COMBINED,1X2,A,0.26995125014783616,,,2025-08-29 08:23:13,0.25,0.0
12331,1394465,2025-08-29T18:30:00+00:00,203,Goztepe,Konyaspor,ELO,1X2,H,0.48004874985216384,,,2025-08-29 08:23:13,0.25,
12332,1394465,2025-08-29T18:30:00+00:00,203,Goztepe,Konyaspor,ELO,1X2,D,0.25,,,2025-08-29 08:23:13,0.25,
12333,1394465,2025-08-29T18:30:00+00:00,203,Goztepe,Konyaspor,ELO,1X2,A,0.26995125014783616,,,2025-08-29 08:23:13,0.25,
12334,1394465,2025-08-29T18:30:00+00:00,203,Goztepe,Konyaspor,COMBINED,1X2,H,0.48004874985216384,,,2025-08-29 08:23:13,0.25,0.0
12335,1394465,2025-08-29T18:30:00+00:00,203,Goztepe,Konyaspor,COMBINED,1X2,D,0.25,,,2025-08-29 08:23:13,0.25,0.0
12336,1394465,2025-08-29T18:30:00+00:00,203,Goztepe,Konyaspor,COMBINED,1X2,A,0.26995125014783616,,,2025-08-29 08:23:13,0.25,0.0
12337,1419605,2025-08-29T18:30:00+00:00,136,Reggiana,Empoli,ELO,1X2,H,0.48004874985216384,,,2025-08-29 08:23:13,0.25,
12338,1419605,2025-08-29T18:30:00+00:00,136,Reggiana,Empoli,ELO,1X2,D,0.25,,,2025-08-29 08:23:13,0.25,
12339,1419605,2025-08-29T18:30:00+00:00,136,Reggiana,Empoli,ELO,1X2,A,0.26995125014783616,,,2025-08-29 08:23:13,0.25,
12340,1419605,2025-08-29T18:30:00+00:00,136,Reggiana,Empoli,COMBINED,1X2,H,0.48004874985216384,,,2025-08-29 08:23:13,0.25,0.0
12341,1419605,2025-08-29T18:30:00+00:00,136,Reggiana,Empoli,COMBINED,1X2,D,0.25,,,2025-08-29 08:23:13,0.25,0.0
12342,1419605,2025-08-29T18:30:00+00:00,136,Reggiana,Empoli,COMBINED,1X2,A,0.26995125014783616,,,2025-08-29 08:23:13,0.25,0.0
12343,1340661,2025-08-29T18:45:00+00:00,357,Cork City,Waterford,ELO,1X2,H,0.48004874985216384,,,2025-08-29 08:23:13,0.25,
12344,1340661,2025-08-29T18:45:00+00:00,357,Cork City,Waterford,ELO,1X2,D,0.25,,,2025-08-29 08:23:13,0.25,
12345,1340661,2025-08-29T18:45:00+00:00,357,Cork City,Waterford,ELO,1X2,A,0.26995125014783616,,,2025-08-29 08:23:13,0.25,
12346,1340661,2025-08-29T18:45:00+00:00,357,Cork City,Waterford,COMBINED,1X2,H,0.48004874985216384,,,2025-08-29 08:23:13,0.25,0.0
12347,1340661,2025-08-29T18:45:00+00:00,357,Cork City,Waterford,COMBINED,1X2,D,0.25,,,2025-08-29 08:23:13,0.25,0.0
12348,1340661,2025-08-29T18:45:00+00:00,357,Cork City,Waterford,COMBINED,1X2,A,0.26995125014783616,,,2025-08-29 08:23:13,0.25,0.0
12349,1340662,2025-08-29T18:45:00+00:00,357,Derry City,St Patrick's Athl.,ELO,1X2,H,0.48004874985216384,,,2025-08-29 08:23:13,0.25,
12350,1340662,2025-08-29T18:45:00+00:00,357,Derry City,St Patrick's Athl.,ELO,1X2,D,0.25,,,2025-08-29 08:23:13,0.25,
12351,1340662,2025-08-29T18:45:00+00:00,357,Derry City,St Patrick's Athl.,ELO,1X2,A,0.26995125014783616,,,2025-08-29 08:23:13,0.25,
12352,1340662,2025-08-29T18:45:00+00:00,357,Derry City,St Patrick's Athl.,COMBINED,1X2,H,0.48004874985216384,,,2025-08-29 08:23:13,0.25,0.0
12353,1340662,2025-08-29T18:45:00+00:00,357,Derry City,St Patrick's Athl.,COMBINED,1X2,D,0.25,,,2025-08-29 08:23:13,0.25,0.0
12354,1340662,2025-08-29T18:45:00+00:00,357,Derry City,St Patrick's Athl.,COMBINED,1X2,A,0.26995125014783616,,,2025-08-29 08:23:13,0.25,0.0
12355,1377879,2025-08-29T18:45:00+00:00,135,Lecce,AC Milan,ELO,1X2,H,0.48004874985216384,,,2025-08-29 08:23:13,0.25,
12356,1377879,2025-08-29T18:45:00+00:00,135,Lecce,AC Milan,ELO,1X2,D,0.25,,,2025-08-29 08:23:13,0.25,
12357,1377879,2025-08-29T18:45:00+00:00,135,Lecce,AC Milan,ELO,1X2,A,0.26995125014783616,,,2025-08-29 08:23:13,0.25,
12358,1377879,2025-08-29T18:45:00+00:00,135,Lecce,AC Milan,COMBINED,1X2,H,0.48004874985216384,,,2025-08-29 08:23:13,0.25,0.0
12359,1377879,2025-08-29T18:45:00+00:00,135,Lecce,AC Milan,COMBINED,1X2,D,0.25,,,2025-08-29 08:23:13,0.25,0.0
12360,1377879,2025-08-29T18:45:00+00:00,135,Lecce,AC Milan,COMBINED,1X2,A,0.26995125014783616,,,2025-08-29 08:23:13,0.25,0.0
12361,1382466,2025-08-29T18:45:00+00:00,144,Cercle Brugge,St. Truiden,ELO,1X2,H,0.48004874985216384,,,2025-08-29 08:23:13,0.25,
12362,1382466,2025-08-29T18:45:00+00:00,144,Cercle Brugge,St. Truiden,ELO,1X2,D,0.25,,,2025-08-29 08:23:13,0.25,
12363,1382466,2025-08-29T18:45:00+00:00,144,Cercle Brugge,St. Truiden,ELO,1X2,A,0.26995125014783616,,,2025-08-29 08:23:13,0.25,
12364,1382466,2025-08-29T18:45:00+00:00,144,Cercle Brugge,St. Truiden,COMBINED,1X2,H,0.48004874985216384,,,2025-08-29 08:23:13,0.25,0.0
12365,1382466,2025-08-29T18:45:00+00:00,144,Cercle Brugge,St. Truiden,COMBINED,1X2,D,0.25,,,2025-08-29 08:23:13,0.25,0.0
12366,1382466,2025-08-29T18:45:00+00:00,144,Cercle Brugge,St. Truiden,COMBINED,1X2,A,0.26995125014783616,,,2025-08-29 08:23:13,0.25,0.0
12367,1385159,2025-08-29T18:45:00+00:00,408,Larne,Ballymena United,ELO,1X2,H,0.48004874985216384,,,2025-08-29 08:23:13,0.25,
12368,1385159,2025-08-29T18:45:00+00:00,408,Larne,Ballymena United,ELO,1X2,D,0.25,,,2025-08-29 08:23:13,0.25,
12369,1385159,2025-08-29T18:45:00+00:00,408,Larne,Ballymena United,ELO,1X2,A,0.26995125014783616,,,2025-08-29 08:23:13,0.25,
12370,1385159,2025-08-29T18:45:00+00:00,408,Larne,Ballymena United,COMBINED,1X2,H,0.48004874985216384,,,2025-08-29 08:23:13,0.25,0.0
12371,1385159,2025-08-29T18:45:00+00:00,408,Larne,Ballymena United,COMBINED,1X2,D,0.25,,,2025-08-29 08:23:13,0.25,0.0
12372,1385159,2025-08-29T18:45:00+00:00,408,Larne,Ballymena United,COMBINED,1X2,A,0.26995125014783616,,,2025-08-29 08:23:13,0.25,0.0
12373,1385160,2025-08-29T18:45:00+00:00,408,Portadown,Crusaders FC,ELO,1X2,H,0.48004874985216384,,,2025-08-29 08:23:13,0.25,
12374,1385160,2025-08-29T18:45:00+00:00,408,Portadown,Crusaders FC,ELO,1X2,D,0.25,,,2025-08-29 08:23:13,0.25,
12375,1385160,2025-08-29T18:45:00+00:00,408,Portadown,Crusaders FC,ELO,1X2,A,0.26995125014783616,,,2025-08-29 08:23:13,0.25,
12376,1385160,2025-08-29T18:45:00+00:00,408,Portadown,Crusaders FC,COMBINED,1X2,H,0.48004874985216384,,,2025-08-29 08:23:14,0.25,0.0
12377,1385160,2025-08-29T18:45:00+00:00,408,Portadown,Crusaders FC,COMBINED,1X2,D,0.25,,,2025-08-29 08:23:14,0.25,0.0
12378,1385160,2025-08-29T18:45:00+00:00,408,Portadown,Crusaders FC,COMBINED,1X2,A,0.26995125014783616,,,2025-08-29 08:23:14,0.25,0.0
12379,1387718,2025-08-29T18:45:00+00:00,61,Lens,Stade Brestois 29,ELO,1X2,H,0.48004874985216384,,,2025-08-29 08:23:14,0.25,
12380,1387718,2025-08-29T18:45:00+00:00,61,Lens,Stade Brestois 29,ELO,1X2,D,0.25,,,2025-08-29 08:23:14,0.25,
12381,1387718,2025-08-29T18:45:00+00:00,61,Lens,Stade Brestois 29,ELO,1X2,A,0.26995125014783616,,,2025-08-29 08:23:14,0.25,
12382,1387718,2025-08-29T18:45:00+00:00,61,Lens,Stade Brestois 29,COMBINED,1X2,H,0.48004874985216384,,,2025-08-29 08:23:14,0.25,0.0
12383,1387718,2025-08-29T18:45:00+00:00,61,Lens,Stade Brestois 29,COMBINED,1X2,D,0.25,,,2025-08-29 08:23:14,0.25,0.0
12384,1387718,2025-08-29T18:45:00+00:00,61,Lens,Stade Brestois 29,COMBINED,1X2,A,0.26995125014783616,,,2025-08-29 08:23:14,0.25,0.0
12385,1440347,2025-08-29T18:45:00+00:00,45,Aveley,Hashtag United,ELO,1X2,H,0.48004874985216384,,,2025-08-29 08:23:14,0.25,
12386,1440347,2025-08-29T18:45:00+00:00,45,Aveley,Hashtag United,ELO,1X2,D,0.25,,,2025-08-29 08:23:14,0.25,
12387,1440347,2025-08-29T18:45:00+00:00,45,Aveley,Hashtag United,ELO,1X2,A,0.26995125014783616,,,2025-08-29 08:23:14,0.25,
12388,1440347,2025-08-29T18:45:00+00:00,45,Aveley,Hashtag United,COMBINED,1X2,H,0.48004874985216384,,,2025-08-29 08:23:14,0.25,0.0
12389,1440347,2025-08-29T18:45:00+00:00,45,Aveley,Hashtag United,COMBINED,1X2,D,0.25,,,2025-08-29 08:23:14,0.25,0.0
12390,1440347,2025-08-29T18:45:00+00:00,45,Aveley,Hashtag United,COMBINED,1X2,A,0.26995125014783616,,,2025-08-29 08:23:14,0.25,0.0
12391,1440401,2025-08-29T18:45:00+00:00,45,Faversham Town,Hastings United,ELO,1X2,H,0.48004874985216384,,,2025-08-29 08:23:14,0.25,
12392,1440401,2025-08-29T18:45:00+00:00,45,Faversham Town,Hastings United,ELO,1X2,D,0.25,,,2025-08-29 08:23:14,0.25,
12393,1440401,2025-08-29T18:45:00+00:00,45,Faversham Town,Hastings United,ELO,1X2,A,0.26995125014783616,,,2025-08-29 08:23:14,0.25,
12394,1440401,2025-08-29T18:45:00+00:00,45,Faversham Town,Hastings United,COMBINED,1X2,H,0.48004874985216384,,,2025-08-29 08:23:14,0.25,0.0
12395,1440401,2025-08-29T18:45:00+00:00,45,Faversham Town,Hastings United,COMBINED,1X2,D,0.25,,,2025-08-29 08:23:14,0.25,0.0
12396,1440401,2025-08-29T18:45:00+00:00,45,Faversham Town,Hastings United,COMBINED,1X2,A,0.26995125014783616,,,2025-08-29 08:23:14,0.25,0.0
12397,1384939,2025-08-29T19:00:00+00:00,286,Cukaricki,OFK Beograd,ELO,1X2,H,0.48004874985216384,,,2025-08-29 08:23:14,0.25,
12398,1384939,2025-08-29T19:00:00+00:00,286,Cukaricki,OFK Beograd,ELO,1X2,D,0.25,,,2025-08-29 08:23:14,0.25,
12399,1384939,2025-08-29T19:00:00+00:00,286,Cukaricki,OFK Beograd,ELO,1X2,A,0.26995125014783616,,,2025-08-29 08:23:14,0.25,
12400,1384939,2025-08-29T19:00:00+00:00,286,Cukaricki,OFK Beograd,COMBINED,1X2,H,0.48004874985216384,,,2025-08-29 08:23:14,0.25,0.0
12401,1384939,2025-08-29T19:00:00+00:00,286,Cukaricki,OFK Beograd,COMBINED,1X2,D,0.25,,,2025-08-29 08:23:14,0.25,0.0
12402,1384939,2025-08-29T19:00:00+00:00,286,Cukaricki,OFK Beograd,COMBINED,1X2,A,0.26995125014783616,,,2025-08-29 08:23:14,0.25,0.0
12403,1386587,2025-08-29T19:00:00+00:00,40,Leicester,Birmingham,ELO,1X2,H,0.48004874985216384,,,2025-08-29 08:23:14,0.25,
12404,1386587,2025-08-29T19:00:00+00:00,40,Leicester,Birmingham,ELO,1X2,D,0.25,,,2025-08-29 08:23:14,0.25,
12405,1386587,2025-08-29T19:00:00+00:00,40,Leicester,Birmingham,ELO,1X2,A,0.26995125014783616,,,2025-08-29 08:23:14,0.25,
12406,1386587,2025-08-29T19:00:00+00:00,40,Leicester,Birmingham,COMBINED,1X2,H,0.48004874985216384,,,2025-08-29 08:23:14,0.25,0.0
12407,1386587,2025-08-29T19:00:00+00:00,40,Leicester,Birmingham,COMBINED,1X2,D,0.25,,,2025-08-29 08:23:14,0.25,0.0
12408,1386587,2025-08-29T19:00:00+00:00,40,Leicester,Birmingham,COMBINED,1X2,A,0.26995125014783616,,,2025-08-29 08:23:14,0.25,0.0
12409,1388057,2025-08-29T19:00:00+00:00,172,Septemvri Sofia,Lokomotiv Sofia,ELO,1X2,H,0.48004874985216384,,,2025-08-29 08:23:14,0.25,
12410,1388057,2025-08-29T19:00:00+00:00,172,Septemvri Sofia,Lokomotiv Sofia,ELO,1X2,D,0.25,,,2025-08-29 08:23:14,0.25,
12411,1388057,2025-08-29T19:00:00+00:00,172,Septemvri Sofia,Lokomotiv Sofia,ELO,1X2,A,0.26995125014783616,,,2025-08-29 08:23:14,0.25,
12412,1388057,2025-08-29T19:00:00+00:00,172,Septemvri Sofia,Lokomotiv Sofia,COMBINED,1X2,H,0.48004874985216384,,,2025-08-29 08:23:14,0.25,0.0
12413,1388057,2025-08-29T19:00:00+00:00,172,Septemvri Sofia,Lokomotiv Sofia,COMBINED,1X2,D,0.25,,,2025-08-29 08:23:14,0.25,0.0
12414,1388057,2025-08-29T19:00:00+00:00,172,Septemvri Sofia,Lokomotiv Sofia,COMBINED,1X2,A,0.26995125014783616,,,2025-08-29 08:23:14,0.25,0.0
12415,1388961,2025-08-29T19:00:00+00:00,315,FK Sarajevo,Rudar Prijedor,ELO,1X2,H,0.48004874985216384,,,2025-08-29 08:23:14,0.25,
12416,1388961,2025-08-29T19:00:00+00:00,315,FK Sarajevo,Rudar Prijedor,ELO,1X2,D,0.25,,,2025-08-29 08:23:14,0.25,
12417,1388961,2025-08-29T19:00:00+00:00,315,FK Sarajevo,Rudar Prijedor,ELO,1X2,A,0.26995125014783616,,,2025-08-29 08:23:14,0.25,
12418,1388961,2025-08-29T19:00:00+00:00,315,FK Sarajevo,Rudar Prijedor,COMBINED,1X2,H,0.48004874985216384,,,2025-08-29 08:23:14,0.25,0.0
12419,1388961,2025-08-29T19:00:00+00:00,315,FK Sarajevo,Rudar Prijedor,COMBINED,1X2,D,0.25,,,2025-08-29 08:23:14,0.25,0.0
12420,1388961,2025-08-29T19:00:00+00:00,315,FK Sarajevo,Rudar Prijedor,COMBINED,1X2,A,0.26995125014783616,,,2025-08-29 08:23:14,0.25,0.0
12421,1396875,2025-08-29T19:00:00+00:00,252,Atlético Tembetary,Sportivo Trinidense,ELO,1X2,H,0.48004874985216384,,,2025-08-29 08:23:14,0.25,
12422,1396875,2025-08-29T19:00:00+00:00,252,Atlético Tembetary,Sportivo Trinidense,ELO,1X2,D,0.25,,,2025-08-29 08:23:14,0.25,
12423,1396875,2025-08-29T19:00:00+00:00,252,Atlético Tembetary,Sportivo Trinidense,ELO,1X2,A,0.26995125014783616,,,2025-08-29 08:23:14,0.25,
12424,1396875,2025-08-29T19:00:00+00:00,252,Atlético Tembetary,Sportivo Trinidense,COMBINED,1X2,H,0.48004874985216384,,,2025-08-29 08:23:14,0.25,0.0
12425,1396875,2025-08-29T19:00:00+00:00,252,Atlético Tembetary,Sportivo Trinidense,COMBINED,1X2,D,0.25,,,2025-08-29 08:23:14,0.25,0.0
12426,1396875,2025-08-29T19:00:00+00:00,252,Atlético Tembetary,Sportivo Trinidense,COMBINED,1X2,A,0.26995125014783616,,,2025-08-29 08:23:14,0.25,0.0
12427,1445787,2025-08-29T19:00:00+00:00,45,Pickering Town,Redcar Athletic,ELO,1X2,H,0.48004874985216384,,,2025-08-29 08:23:14,0.25,
12428,1445787,2025-08-29T19:00:00+00:00,45,Pickering Town,Redcar Athletic,ELO,1X2,D,0.25,,,2025-08-29 08:23:14,0.25,
12429,1445787,2025-08-29T19:00:00+00:00,45,Pickering Town,Redcar Athletic,ELO,1X2,A,0.26995125014783616,,,2025-08-29 08:23:14,0.25,
12430,1445787,2025-08-29T19:00:00+00:00,45,Pickering Town,Redcar Athletic,COMBINED,1X2,H,0.48004874985216384,,,2025-08-29 08:23:14,0.25,0.0
12431,1445787,2025-08-29T19:00:00+00:00,45,Pickering Town,Redcar Athletic,COMBINED,1X2,D,0.25,,,2025-08-29 08:23:14,0.25,0.0
12432,1445787,2025-08-29T19:00:00+00:00,45,Pickering Town,Redcar Athletic,COMBINED,1X2,A,0.26995125014783616,,,2025-08-29 08:23:14,0.25,0.0
12433,1396267,2025-08-29T19:15:00+00:00,94,GIL Vicente,Moreirense,ELO,1X2,H,0.48004874985216384,,,2025-08-29 08:23:14,0.25,
12434,1396267,2025-08-29T19:15:00+00:00,94,GIL Vicente,Moreirense,ELO,1X2,D,0.25,,,2025-08-29 08:23:14,0.25,
12435,1396267,2025-08-29T19:15:00+00:00,94,GIL Vicente,Moreirense,ELO,1X2,A,0.26995125014783616,,,2025-08-29 08:23:14,0.25,
12436,1396267,2025-08-29T19:15:00+00:00,94,GIL Vicente,Moreirense,COMBINED,1X2,H,0.48004874985216384,,,2025-08-29 08:23:14,0.25,0.0
12437,1396267,2025-08-29T19:15:00+00:00,94,GIL Vicente,Moreirense,COMBINED,1X2,D,0.25,,,2025-08-29 08:23:14,0.25,0.0
12438,1396267,2025-08-29T19:15:00+00:00,94,GIL Vicente,Moreirense,COMBINED,1X2,A,0.26995125014783616,,,2025-08-29 08:23:14,0.25,0.0
12439,1390848,2025-08-29T19:30:00+00:00,140,Valencia,Getafe,ELO,1X2,H,0.48004874985216384,,,2025-08-29 08:23:14,0.25,
12440,1390848,2025-08-29T19:30:00+00:00,140,Valencia,Getafe,ELO,1X2,D,0.25,,,2025-08-29 08:23:14,0.25,
12441,1390848,2025-08-29T19:30:00+00:00,140,Valencia,Getafe,ELO,1X2,A,0.26995125014783616,,,2025-08-29 08:23:14,0.25,
12442,1390848,2025-08-29T19:30:00+00:00,140,Valencia,Getafe,COMBINED,1X2,H,0.48004874985216384,,,2025-08-29 08:23:14,0.25,0.0
12443,1390848,2025-08-29T19:30:00+00:00,140,Valencia,Getafe,COMBINED,1X2,D,0.25,,,2025-08-29 08:23:14,0.25,0.0
12444,1390848,2025-08-29T19:30:00+00:00,140,Valencia,Getafe,COMBINED,1X2,A,0.26995125014783616,,,2025-08-29 08:23:14,0.25,0.0
12445,1391278,2025-08-29T19:30:00+00:00,141,Sporting Gijon,Cultural Leonesa,ELO,1X2,H,0.48004874985216384,,,2025-08-29 08:23:14,0.25,
12446,1391278,2025-08-29T19:30:00+00:00,141,Sporting Gijon,Cultural Leonesa,ELO,1X2,D,0.25,,,2025-08-29 08:23:14,0.25,
12447,1391278,2025-08-29T19:30:00+00:00,141,Sporting Gijon,Cultural Leonesa,ELO,1X2,A,0.26995125014783616,,,2025-08-29 08:23:14,0.25,
12448,1391278,2025-08-29T19:30:00+00:00,141,Sporting Gijon,Cultural Leonesa,COMBINED,1X2,H,0.48004874985216384,,,2025-08-29 08:23:14,0.25,0.0
12449,1391278,2025-08-29T19:30:00+00:00,141,Sporting Gijon,Cultural Leonesa,COMBINED,1X2,D,0.25,,,2025-08-29 08:23:14,0.25,0.0
12450,1391278,2025-08-29T19:30:00+00:00,141,Sporting Gijon,Cultural Leonesa,COMBINED,1X2,A,0.26995125014783616,,,2025-08-29 08:23:14,0.25,0.0
12451,1396872,2025-08-29T21:30:00+00:00,252,Sportivo Ameliano,Nacional Asuncion,ELO,1X2,H,0.48004874985216384,,,2025-08-29 08:23:14,0.25,
12452,1396872,2025-08-29T21:30:00+00:00,252,Sportivo Ameliano,Nacional Asuncion,ELO,1X2,D,0.25,,,2025-08-29 08:23:14,0.25,
12453,1396872,2025-08-29T21:30:00+00:00,252,Sportivo Ameliano,Nacional Asuncion,ELO,1X2,A,0.26995125014783616,,,2025-08-29 08:23:14,0.25,
12454,1396872,2025-08-29T21:30:00+00:00,252,Sportivo Ameliano,Nacional Asuncion,COMBINED,1X2,H,0.48004874985216384,,,2025-08-29 08:23:14,0.25,0.0
12455,1396872,2025-08-29T21:30:00+00:00,252,Sportivo Ameliano,Nacional Asuncion,COMBINED,1X2,D,0.25,,,2025-08-29 08:23:14,0.25,0.0
12456,1396872,2025-08-29T21:30:00+00:00,252,Sportivo Ameliano,Nacional Asuncion,COMBINED,1X2,A,0.26995125014783616,,,2025-08-29 08:23:14,0.25,0.0
12457,1339177,2025-08-29T23:00:00+00:00,265,Union La Calera,Palestino,ELO,1X2,H,0.48004874985216384,,,2025-08-29 08:23:14,0.25,
12458,1339177,2025-08-29T23:00:00+00:00,265,Union La Calera,Palestino,ELO,1X2,D,0.25,,,2025-08-29 08:23:14,0.25,
12459,1339177,2025-08-29T23:00:00+00:00,265,Union La Calera,Palestino,ELO,1X2,A,0.26995125014783616,,,2025-08-29 08:23:14,0.25,
12460,1339177,2025-08-29T23:00:00+00:00,265,Union La Calera,Palestino,COMBINED,1X2,H,0.48004874985216384,,,2025-08-29 08:23:14,0.25,0.0
12461,1339177,2025-08-29T23:00:00+00:00,265,Union La Calera,Palestino,COMBINED,1X2,D,0.25,,,2025-08-29 08:23:14,0.25,0.0
12462,1339177,2025-08-29T23:00:00+00:00,265,Union La Calera,Palestino,COMBINED,1X2,A,0.26995125014783616,,,2025-08-29 08:23:14,0.25,0.0
12463,1392426,2025-08-29T23:00:00+00:00,239,Junior,Llaneros,ELO,1X2,H,0.48004874985216384,,,2025-08-29 08:23:14,0.25,
12464,1392426,2025-08-29T23:00:00+00:00,239,Junior,Llaneros,ELO,1X2,D,0.25,,,2025-08-29 08:23:14,0.25,
12465,1392426,2025-08-29T23:00:00+00:00,239,Junior,Llaneros,ELO,1X2,A,0.26995125014783616,,,2025-08-29 08:23:14,0.25,
12466,1392426,2025-08-29T23:00:00+00:00,239,Junior,Llaneros,COMBINED,1X2,H,0.48004874985216384,,,2025-08-29 08:23:14,0.25,0.0
12467,1392426,2025-08-29T23:00:00+00:00,239,Junior,Llaneros,COMBINED,1X2,D,0.25,,,2025-08-29 08:23:14,0.25,0.0
12468,1392426,2025-08-29T23:00:00+00:00,239,Junior,Llaneros,COMBINED,1X2,A,0.26995125014783616,,,2025-08-29 08:23:14,0.25,0.0
12469,1449553,2025-08-29T13:00:00+00:00,666,Malawi W,Lesotho W,ELO,1X2,H,0.48004874985216384,,,2025-08-29 08:23:14,0.25,
12470,1449553,2025-08-29T13:00:00+00:00,666,Malawi W,Lesotho W,ELO,1X2,D,0.25,,,2025-08-29 08:23:14,0.25,
12471,1449553,2025-08-29T13:00:00+00:00,666,Malawi W,Lesotho W,ELO,1X2,A,0.26995125014783616,,,2025-08-29 08:23:14,0.25,
12472,1449553,2025-08-29T13:00:00+00:00,666,Malawi W,Lesotho W,COMBINED,1X2,H,0.48004874985216384,,,2025-08-29 08:23:14,0.25,0.0
12473,1449553,2025-08-29T13:00:00+00:00,666,Malawi W,Lesotho W,COMBINED,1X2,D,0.25,,,2025-08-29 08:23:14,0.25,0.0
12474,1449553,2025-08-29T13:00:00+00:00,666,Malawi W,Lesotho W,COMBINED,1X2,A,0.26995125014783616,,,2025-08-29 08:23:14,0.25,0.0
